node,suspected
76,1504433156016
52,1504433156016
70,1504433156016
58,1504433156016
61,1504433156016
59,1504433156016
10,1504433156016
82,1504433156016
93,1504433156016
12,1504433156016
6,1504433156016
44,1504433156016
24,1504433156016
39,1504433156016
45,1504433156016
25,1504433156016
38,1504433156016
5,1504433156016
87,1504433156016
30,1504433156016
77,1504433156016
75,1504433156016
74,1504433156016
22,1504433156016
9,1504433156016
81,1504433156016
88,1504433156016
96,1504433156016
97,1504433156016
14,1504433156016
57,1504433156016
16,1504433156016
36,1504433156016
31,1504433156016
79,1504433156016
90,1504433156016
28,1504433156016
42,1504433156016
43,1504433156016
37,1504433156016
7,1504433156016
60,1504433156016
29,1504433156016
95,1504433156016
99,1504433156016
17,1504433156016
21,1504433156016
84,1504433156016
78,1504433156016
20,1504433156016
27,1504433156016
85,1504433156016
35,1504433156016
8,1504433156016
86,1504433156016
98,1504433156016
32,1504433156016
41,1504433156016
72,1504433156016
66,1504433156016
11,1504433156016
62,1504433156016
49,1504433156016
19,1504433156016
83,1504433156016
4,1504433156016
68,1504433156016
71,1504433156016
69,1504433156016
18,1504433156016
91,1504433156016
63,1504433156016
94,1504433156016
73,1504433156016
55,1504433156016
80,1504433156016
92,1504433156016
33,1504433156016
48,1504433156016
46,1504433156016
34,1504433156016
54,1504433156016
47,1504433156016
40,1504433156016
89,1504433156016
64,1504433156016
67,1504433156016
51,1504433156016
26,1504433156016
15,1504433156016
53,1504433156016
50,1504433156016
23,1504433156016
13,1504433156016
56,1504433156016
65,1504433156016
14,1504433159076
16,1504433159076
17,1504433159076
18,1504433159076
15,1504433159076
24,1504433161096
25,1504433161096
30,1504433161096
22,1504433161096
31,1504433161096
28,1504433161096
29,1504433161096
21,1504433161096
20,1504433161096
27,1504433161096
35,1504433161096
32,1504433161096
19,1504433161096
33,1504433161096
34,1504433161096
26,1504433161096
23,1504433161096
52,1504433163616
44,1504433163616
39,1504433163616
45,1504433163616
38,1504433163616
36,1504433163616
42,1504433163616
43,1504433163616
37,1504433163616
41,1504433163616
49,1504433163616
55,1504433163616
48,1504433163616
46,1504433163616
54,1504433163616
47,1504433163616
40,1504433163616
51,1504433163616
53,1504433163616
50,1504433163616
76,1504433166636
70,1504433166636
58,1504433166636
61,1504433166636
59,1504433166636
30,1504433166636
77,1504433166636
75,1504433166636
74,1504433166636
57,1504433166636
31,1504433166636
79,1504433166636
60,1504433166636
29,1504433166636
78,1504433166636
35,1504433166636
32,1504433166636
72,1504433166636
66,1504433166636
62,1504433166636
68,1504433166636
71,1504433166636
69,1504433166636
63,1504433166636
73,1504433166636
33,1504433166636
34,1504433166636
64,1504433166636
67,1504433166636
56,1504433166636
65,1504433166636
52,1504433170156
82,1504433170156
93,1504433170156
44,1504433170156
39,1504433170156
45,1504433170156
38,1504433170156
87,1504433170156
81,1504433170156
88,1504433170156
96,1504433170156
97,1504433170156
36,1504433170156
90,1504433170156
42,1504433170156
43,1504433170156
37,1504433170156
95,1504433170156
99,1504433170156
84,1504433170156
85,1504433170156
86,1504433170156
98,1504433170156
41,1504433170156
49,1504433170156
83,1504433170156
91,1504433170156
94,1504433170156
80,1504433170156
92,1504433170156
48,1504433170156
46,1504433170156
54,1504433170156
47,1504433170156
40,1504433170156
89,1504433170156
51,1504433170156
53,1504433170156
50,1504433170156
58,1504433174176
61,1504433174176
59,1504433174176
57,1504433174176
60,1504433174176
62,1504433174176
63,1504433174176
55,1504433174176
56,1504433174176
65,1504433174176
76,1504433178696
52,1504433178696
70,1504433178696
45,1504433178696
77,1504433178696
75,1504433178696
74,1504433178696
79,1504433178696
78,1504433178696
72,1504433178696
66,1504433178696
49,1504433178696
68,1504433178696
71,1504433178696
69,1504433178696
73,1504433178696
48,1504433178696
46,1504433178696
54,1504433178696
47,1504433178696
64,1504433178696
67,1504433178696
51,1504433178696
53,1504433178696
50,1504433178696
58,1504433183715
61,1504433183715
59,1504433183715
82,1504433183715
93,1504433183715
87,1504433183715
81,1504433183715
88,1504433183715
96,1504433183715
97,1504433183715
57,1504433183715
90,1504433183715
60,1504433183715
95,1504433183715
99,1504433183715
84,1504433183715
85,1504433183715
86,1504433183715
98,1504433183715
62,1504433183715
83,1504433183715
91,1504433183715
63,1504433183715
94,1504433183715
55,1504433183715
80,1504433183715
92,1504433183715
34,1504433183715
89,1504433183715
56,1504433183715
65,1504433183715
76,1504433189236
70,1504433189236
77,1504433189236
75,1504433189236
74,1504433189236
79,1504433189236
78,1504433189236
72,1504433189236
66,1504433189236
68,1504433189236
71,1504433189236
69,1504433189236
73,1504433189236
54,1504433189236
64,1504433189236
67,1504433189236
61,1504433195256
82,1504433195256
93,1504433195256
87,1504433195256
81,1504433195256
88,1504433195256
96,1504433195256
97,1504433195256
90,1504433195256
60,1504433195256
95,1504433195256
99,1504433195256
84,1504433195256
85,1504433195256
86,1504433195256
98,1504433195256
62,1504433195256
83,1504433195256
91,1504433195256
63,1504433195256
94,1504433195256
80,1504433195256
92,1504433195256
89,1504433195256
65,1504433195256
76,1504433201776
70,1504433201776
77,1504433201776
75,1504433201776
74,1504433201776
79,1504433201776
78,1504433201776
72,1504433201776
66,1504433201776
68,1504433201776
71,1504433201776
69,1504433201776
73,1504433201776
64,1504433201776
67,1504433201776
82,1504433208796
93,1504433208796
87,1504433208796
81,1504433208796
88,1504433208796
96,1504433208796
97,1504433208796
90,1504433208796
95,1504433208796
99,1504433208796
84,1504433208796
85,1504433208796
86,1504433208796
98,1504433208796
83,1504433208796
91,1504433208796
94,1504433208796
80,1504433208796
92,1504433208796
89,1504433208796
76,1504433216315
77,1504433216315
75,1504433216315
74,1504433216315
79,1504433216315
78,1504433216315
82,1504433224336
93,1504433224336
87,1504433224336
81,1504433224336
88,1504433224336
96,1504433224336
97,1504433224336
90,1504433224336
95,1504433224336
99,1504433224336
84,1504433224336
85,1504433224336
86,1504433224336
98,1504433224336
83,1504433224336
91,1504433224336
94,1504433224336
80,1504433224336
92,1504433224336
89,1504433224336
93,1504433241876
96,1504433241876
97,1504433241876
90,1504433241876
95,1504433241876
99,1504433241876
98,1504433241876
91,1504433241876
94,1504433241876
92,1504433241876
89,1504433241876
96,1504433260416
97,1504433260416
95,1504433260416
99,1504433260416
98,1504433260416
94,1504433269936
45,1504433437756
42,1504433479836
20,1504433490356
71,1504433490356
78,1504433574516
4,1504433711275
92,1504433753356
79,1504433921665
